quarter,cpi,wpi,wpi_private,wpi_public,wpi_yoy_abs,cpi_yoy,wpi_yoy,real_yoy,real_idx,real_private,real_public
1997Q3,46.28,66.7,67.4,64.7,,,,,144.1227,145.6353,139.8012
1997Q4,46.39,67.3,67.9,65.2,,,,,145.0744,146.3678,140.5475
1998Q1,46.51,67.8,68.5,65.9,,,,,145.7751,147.2802,141.69
1998Q2,46.78,68.2,68.8,66.2,,,,,145.7888,147.0714,141.5135
1998Q3,46.91,68.9,69.6,67.2,3.3,1.3613,3.2984,1.9111,146.877,148.3692,143.253
1998Q4,47.11,69.3,70.0,67.6,3.0,1.5521,2.9718,1.398,147.1025,148.5884,143.494
1999Q1,47.08,70.0,70.4,68.6,3.2,1.2255,3.2448,1.9948,148.6831,149.5327,145.7094
1999Q2,47.29,70.3,70.8,68.8,3.1,1.0902,3.0792,1.9675,148.6572,149.7145,145.4853
1999Q3,47.72,71.0,71.5,69.4,3.0,1.7267,3.0479,1.2988,148.7846,149.8324,145.4317
1999Q4,47.97,71.4,71.9,69.9,3.0,1.8255,3.0303,1.1832,148.843,149.8853,145.7161
2000Q1,48.4,71.9,72.4,70.3,2.7,2.8037,2.7143,-0.087,148.5537,149.5868,145.2479
2000Q2,48.77,72.3,72.9,70.7,2.8,3.1296,2.845,-0.276,148.2469,149.4771,144.9662
2000Q3,50.59,73.2,73.8,71.5,3.1,6.0142,3.0986,-2.7503,144.6926,145.8786,141.3323
2000Q4,50.76,73.8,74.4,72.0,3.4,5.8161,3.3613,-2.3199,145.3901,146.5721,141.844
2001Q1,51.3,74.6,75.1,72.9,3.8,5.9917,3.7552,-2.1101,145.4191,146.3938,142.1053
2001Q2,51.73,75.0,75.5,73.4,3.7,6.0693,3.7344,-2.2013,144.9836,145.9501,141.8906
2001Q3,51.87,75.8,76.4,74.1,3.6,2.5301,3.5519,0.9966,146.1346,147.2913,142.8571
2001Q4,52.35,76.4,76.9,74.6,3.5,3.1324,3.523,0.3788,145.9408,146.8959,142.5024
2002Q1,52.82,76.9,77.4,75.4,3.1,2.963,3.0831,0.1167,145.5888,146.5354,142.749
2002Q2,53.2,77.4,77.9,75.7,3.2,2.8417,3.2,0.3484,145.4887,146.4286,142.2932
2002Q3,53.56,78.3,79.0,76.6,3.3,3.2581,3.2982,0.0387,146.1912,147.4981,143.0172
2002Q4,53.92,78.9,79.5,77.2,3.3,2.999,3.2723,0.2653,146.3279,147.4407,143.1751
2003Q1,54.62,79.7,80.1,78.5,3.6,3.4078,3.6411,0.2256,145.9172,146.6496,143.7202
2003Q2,54.62,80.1,80.5,78.9,3.5,2.6692,3.4884,0.7979,146.6496,147.3819,144.4526
2003Q3,54.93,81.1,81.4,80.2,3.6,2.5579,3.576,0.9927,147.6425,148.1886,146.004
2003Q4,55.22,81.9,82.2,80.8,3.8,2.411,3.8023,1.3585,148.3158,148.8591,146.3238
2004Q1,55.71,82.5,82.7,81.8,3.5,1.9956,3.5132,1.4879,148.0883,148.4473,146.8318
2004Q2,55.97,82.9,83.2,82.0,3.5,2.4716,3.4956,0.9993,148.1151,148.6511,146.5071
2004Q3,56.2,84.0,84.3,83.3,3.6,2.312,3.5758,1.2352,149.4662,150.0,148.2206
2004Q4,56.63,84.8,85.1,84.2,3.5,2.5534,3.5409,0.9629,149.744,150.2737,148.6844
2005Q1,57.01,85.7,85.8,85.4,3.9,2.3335,3.8788,1.51,150.3245,150.4999,149.7983
2005Q2,57.35,86.3,86.5,85.8,4.1,2.4656,4.1013,1.5964,150.4795,150.8282,149.6077
2005Q3,57.92,87.5,87.6,87.2,4.2,3.0605,4.1667,1.0733,151.0704,151.2431,150.5525
2005Q4,58.22,88.3,88.4,88.0,4.1,2.8077,4.1274,1.2836,151.6661,151.8379,151.1508
2006Q1,58.72,89.2,89.3,89.0,4.1,2.9995,4.084,1.053,151.9074,152.0777,151.5668
2006Q2,59.65,89.9,90.0,89.7,4.2,4.0105,4.1715,0.1548,150.7125,150.8801,150.3772
2006Q3,60.18,90.9,90.9,90.9,3.9,3.9019,3.8857,-0.0156,151.0469,151.0469,151.0469
2006Q4,60.11,91.8,91.7,91.9,4.0,3.2463,3.9638,0.6949,152.72,152.5537,152.8864
2007Q1,60.16,92.8,92.7,92.8,4.0,2.4523,4.0359,1.5457,154.2553,154.0891,154.2553
2007Q2,60.9,93.5,93.5,93.4,4.0,2.0956,4.0044,1.8697,153.5304,153.5304,153.3662
2007Q3,61.32,94.8,94.7,94.9,4.3,1.8943,4.2904,2.3516,154.5988,154.4357,154.7619
2007Q4,61.89,95.7,95.7,95.7,4.2,2.9612,4.2484,1.2501,154.6292,154.6292,154.6292
2008Q1,62.72,96.6,96.6,96.5,4.1,4.2553,4.0948,-0.1539,154.0179,154.0179,153.8584
2008Q2,63.63,97.5,97.6,97.0,4.3,4.4828,4.2781,-0.1959,153.2296,153.3868,152.4438
2008Q3,64.37,98.6,98.7,98.3,4.0,4.9739,4.0084,-0.9197,153.1769,153.3323,152.7109
2008Q4,64.16,99.8,99.8,99.7,4.3,3.6678,4.2842,0.5946,155.5486,155.5486,155.3928
2009Q1,64.23,100.5,100.5,100.7,4.0,2.4075,4.0373,1.5914,156.4689,156.4689,156.7803
2009Q2,64.55,101.1,101.0,101.4,3.7,1.4459,3.6923,2.2144,156.6228,156.4679,157.0875
2009Q3,65.16,102.0,101.8,102.8,3.4,1.2273,3.4483,2.1941,156.5378,156.2308,157.7655
2009Q4,65.51,102.7,102.3,103.8,2.9,2.1041,2.9058,0.7852,156.77,156.1594,158.4491
2010Q1,66.12,103.6,103.1,105.0,3.1,2.9426,3.0846,0.138,156.6848,155.9286,158.8022
2010Q2,66.52,104.2,103.8,105.4,3.1,3.0519,3.0663,0.0139,156.6446,156.0433,158.4486
2010Q3,67.0,105.7,105.4,106.9,3.6,2.8238,3.6275,0.7816,157.7612,157.3134,159.5522
2010Q4,67.26,106.6,106.3,107.9,3.8,2.6713,3.7975,1.0968,158.4894,158.0434,160.4222
2011Q1,68.3,107.6,107.2,108.8,3.9,3.297,3.861,0.546,157.5403,156.9546,159.2972
2011Q2,68.93,108.2,107.8,109.3,3.8,3.623,3.8388,0.2083,156.9708,156.3905,158.5667
2011Q3,69.34,109.5,109.3,110.4,3.6,3.4925,3.5951,0.0991,157.9175,157.6291,159.2155
2011Q4,69.34,110.5,110.3,111.3,3.7,3.0925,3.6585,0.5491,159.3597,159.0712,160.5134
2012Q1,69.38,111.4,111.2,112.2,3.5,1.5813,3.5316,1.92,160.565,160.2767,161.7181
2012Q2,69.74,112.2,112.0,112.9,3.7,1.1751,3.6969,2.4925,160.8833,160.5965,161.887
2012Q3,70.69,113.5,113.3,114.2,3.7,1.9469,3.653,1.6735,160.5602,160.2773,161.5504
2012Q4,70.87,114.3,114.1,114.9,3.4,2.2065,3.4389,1.2058,161.2812,160.999,162.1278
2013Q1,71.11,115.0,114.7,115.7,3.2,2.4935,3.2316,0.7201,161.7213,161.2994,162.7057
2013Q2,71.38,115.5,115.3,116.1,2.9,2.3516,2.9412,0.576,161.81,161.5298,162.6506
2013Q3,72.25,116.6,116.4,117.2,2.7,2.2068,2.7313,0.5131,161.3841,161.1073,162.2145
2013Q4,72.77,117.2,117.0,118.1,2.5,2.681,2.5372,-0.14,161.0554,160.7805,162.2922
2014Q1,73.2,118.0,117.7,119.1,2.6,2.9391,2.6087,-0.321,161.2022,160.7923,162.7049
2014Q2,73.57,118.5,118.2,119.5,2.6,3.0681,2.5974,-0.4567,161.0711,160.6633,162.4303
2014Q3,73.88,119.5,119.3,120.4,2.5,2.2561,2.4871,0.226,161.7488,161.4781,162.967
2014Q4,74.02,120.2,119.9,121.3,2.6,1.7177,2.5597,0.8278,162.3885,161.9832,163.8746
2015Q1,74.16,120.7,120.3,122.1,2.3,1.3115,2.2881,0.964,162.7562,162.2168,164.644
2015Q2,74.69,121.2,120.8,122.5,2.3,1.5224,2.2785,0.7448,162.2707,161.7352,164.0112
2015Q3,74.98,122.2,121.8,123.7,2.3,1.4889,2.2594,0.7592,162.9768,162.4433,164.9773
2015Q4,75.27,122.7,122.3,124.3,2.1,1.6887,2.0799,0.3846,163.0132,162.4817,165.1388
2016Q1,75.12,123.2,122.7,125.0,2.1,1.2945,2.0713,0.7668,164.0043,163.3387,166.4004
2016Q2,75.45,123.7,123.1,125.4,2.1,1.0175,2.0627,1.0346,163.9496,163.1544,166.2028
2016Q3,75.98,124.6,124.1,126.5,2.0,1.3337,1.964,0.622,163.9905,163.3325,166.4912
2016Q4,76.38,125.1,124.5,127.2,2.0,1.4747,1.956,0.4743,163.7863,163.0008,166.5357
2017Q1,76.73,125.6,124.9,128.0,1.9,2.1432,1.9481,-0.1911,163.6909,162.7786,166.8187
2017Q2,76.88,126.1,125.4,128.5,1.9,1.8953,1.9402,0.044,164.0219,163.1113,167.1436
2017Q3,77.35,127.1,126.4,129.5,2.0,1.8031,2.0064,0.1997,164.318,163.4131,167.4208
2017Q4,77.87,127.7,126.9,130.3,2.1,1.9508,2.0783,0.1251,163.9913,162.9639,167.3302
2018Q1,78.21,128.2,127.4,131.0,2.1,1.9288,2.0701,0.1385,163.9177,162.8948,167.4978
2018Q2,78.49,128.7,127.9,131.5,2.1,2.0942,2.0619,-0.0317,163.9699,162.9507,167.5373
2018Q3,78.83,130.0,129.2,132.7,2.3,1.9134,2.2817,0.3614,164.9118,163.897,168.3369
2018Q4,79.24,130.6,129.8,133.6,2.3,1.7593,2.2709,0.5028,164.8157,163.8062,168.6017
2019Q1,79.23,131.2,130.3,134.2,2.3,1.3042,2.3401,1.0226,165.5938,164.4579,169.3803
2019Q2,79.7,131.8,130.8,135.0,2.4,1.5416,2.4087,0.8539,165.3701,164.1154,169.3852
2019Q3,80.15,132.9,132.0,136.0,2.2,1.6745,2.2308,0.5471,165.8141,164.6912,169.6818
2019Q4,80.7,133.5,132.6,136.6,2.2,1.8425,2.2205,0.3712,165.4275,164.3123,169.2689
2020Q1,81.0,134.1,133.1,137.3,2.2,2.234,2.2104,-0.0231,165.5556,164.321,169.5062
2020Q2,79.44,134.1,133.0,137.9,1.7,-0.3262,1.7451,2.0781,168.8066,167.422,173.5901
2020Q3,80.67,134.7,133.7,138.4,1.4,0.6488,1.3544,0.7011,166.9766,165.737,171.5632
2020Q4,81.4,135.4,134.4,138.8,1.4,0.8674,1.4232,0.551,166.3391,165.1106,170.516
2021Q1,81.87,136.1,135.1,139.4,1.5,1.0741,1.4914,0.4129,166.2392,165.0177,170.2699
2021Q2,82.47,136.5,135.5,139.7,1.8,3.8142,1.7897,-1.9501,165.5147,164.3022,169.3949
2021Q3,83.17,137.7,136.8,140.7,2.2,3.099,2.2272,-0.8457,165.5645,164.4824,169.1716
2021Q4,84.23,138.5,137.6,141.7,2.3,3.4767,2.2895,-1.1473,164.4307,163.3622,168.2298
2022Q1,86.05,139.3,138.3,142.5,2.4,5.1057,2.3512,-2.6206,161.8826,160.7205,165.6014
2022Q2,87.59,140.1,139.2,143.1,2.6,6.2083,2.6374,-3.3622,159.9498,158.9223,163.3748
2022Q3,89.2,142.1,141.5,144.0,3.2,7.2502,3.1954,-3.7807,159.3049,158.6323,161.435
2022Q4,90.85,143.2,142.6,145.2,3.4,7.8594,3.3935,-4.1405,157.6225,156.962,159.8239
2023Q1,92.08,144.3,143.6,146.7,3.6,7.0076,3.5894,-3.1943,156.7116,155.9513,159.318
2023Q2,92.87,145.2,144.5,147.5,3.6,6.0281,3.6403,-2.2521,156.3476,155.5938,158.8242
2023Q3,93.94,147.9,147.5,149.1,4.1,5.3139,4.0816,-1.1701,157.4409,157.0151,158.7183
2023Q4,94.53,149.3,148.6,151.4,4.3,4.0506,4.2598,0.201,157.9393,157.1988,160.1608
2024Q1,95.41,150.2,149.5,152.2,4.1,3.6164,4.0887,0.4558,157.4258,156.6922,159.5221
2024Q2,96.41,151.1,150.4,153.3,4.1,3.8118,4.0634,0.2423,156.7265,156.0004,159.0084
2024Q3,96.62,153.1,152.6,154.6,3.5,2.8529,3.5159,0.6446,158.4558,157.9383,160.0083
2024Q4,96.81,154.1,153.6,155.8,3.2,2.4119,3.215,0.7842,159.1778,158.6613,160.9338
2025Q1,97.7,155.3,154.5,157.7,3.4,2.4002,3.3955,0.972,158.956,158.1372,161.4125
2025Q2,98.43,156.2,155.4,158.9,3.4,2.0952,3.3752,1.2538,158.6915,157.8787,161.4345
2025Q3,99.73,158.3,157.6,160.5,3.4,3.2188,3.3965,0.1721,158.7286,158.0267,160.9345
2025Q4,100.32,159.4,158.7,161.9,3.4,3.6257,3.4393,-0.1798,158.8915,158.1938,161.3836
2026Q1,101.7,160.3,159.6,163.0,3.2,4.0942,3.2196,-0.8402,157.6205,156.9322,160.2753
2026Q2,102.31,161.2,160.3,164.2,3.2,3.9419,3.201,-0.7128,157.5604,156.6807,160.4926
